{
  "episode": 4000,
  "grid_size": 10,
  "state_size": 100,
  "gamma": 0.99,
  "learning_rate": 0.01,
  "mean": 0.023777838182032586,
  "std": 0.0711211562717034,
  "max": 0.7489880099386812,
  "min": -0.016997777496092468
}