{
  "episode": 6000,
  "grid_size": 10,
  "state_size": 100,
  "gamma": 0.99,
  "learning_rate": 0.01,
  "mean": 0.033432894461518675,
  "std": 0.08869673192549339,
  "max": 1.0157420182817092,
  "min": -0.016828610675913302
}