{
  "episode": 5000,
  "grid_size": 10,
  "state_size": 100,
  "gamma": 0.99,
  "learning_rate": 0.01,
  "mean": 0.028337153842288625,
  "std": 0.07896431282216873,
  "max": 0.8363788397637008,
  "min": -0.01683236866972817
}