{
  "episode": 3000,
  "grid_size": 10,
  "state_size": 100,
  "gamma": 0.99,
  "learning_rate": 0.01,
  "mean": 0.018642649699463807,
  "std": 0.06151763426781514,
  "max": 0.6664784815885072,
  "min": -0.017119998481520442
}