{
  "episode": 2000,
  "grid_size": 10,
  "state_size": 100,
  "gamma": 0.99,
  "learning_rate": 0.01,
  "mean": 0.013117800294359395,
  "std": 0.05027291274219882,
  "max": 0.5410936893243411,
  "min": -0.017931649049660037
}