{
  "episode": 1000,
  "grid_size": 10,
  "state_size": 100,
  "gamma": 0.99,
  "learning_rate": 0.01,
  "mean": 0.007593059542085963,
  "std": 0.0373100529627478,
  "max": 0.3953963796672446,
  "min": -0.018169782372094302
}