{
  "DQN": {
    "simple_mean": 0.08333333333333333,
    "simple_std": 0.11785113019775792,
    "comp_mean": 0.08333333333333333,
    "comp_std": 0.11785113019775792,
    "generalization_gap": 0.0
  },
  "LSTM-DQN": {
    "simple_mean": 0.16666666666666666,
    "simple_std": 0.23570226039551584,
    "comp_mean": 0.08333333333333333,
    "comp_std": 0.11785113019775792,
    "generalization_gap": 0.08333333333333333
  },
  "Successor": {
    "simple_mean": 0.3333333333333333,
    "simple_std": 0.31180478223116176,
    "comp_mean": 0.4166666666666667,
    "comp_std": 0.11785113019775792,
    "generalization_gap": -0.08333333333333337
  },
  "WVF": {
    "simple_mean": 0.08333333333333333,
    "simple_std": 0.11785113019775792,
    "comp_mean": 0.0,
    "comp_std": 0.0,
    "generalization_gap": 0.08333333333333333
  }
}