{
  "DQN": {
    "simple_mean": 0.08333333333333333,
    "simple_std": 0.11785113019775792,
    "comp_mean": 0.0,
    "comp_std": 0.0,
    "generalization_gap": 0.08333333333333333
  },
  "LSTM-DQN": {
    "simple_mean": 0.16666666666666666,
    "simple_std": 0.23570226039551584,
    "comp_mean": 0.16666666666666666,
    "comp_std": 0.11785113019775792,
    "generalization_gap": 0.0
  },
  "Successor": {
    "simple_mean": 0.25,
    "simple_std": 0.2041241452319315,
    "comp_mean": 0.25,
    "comp_std": 0.2041241452319315,
    "generalization_gap": 0.0
  },
  "WVF": {
    "simple_mean": 0.08333333333333333,
    "simple_std": 0.11785113019775792,
    "comp_mean": 0.0,
    "comp_std": 0.0,
    "generalization_gap": 0.08333333333333333
  }
}