{
  "Masters Successor w/ Path Integration": [
    {
      "rewards": [
        0.65575,
        0.0,
        0.84475,
        0.0,
        0.0,
        0.7929999999999999,
        0.0,
        0.0,
        0.901,
        0.62875,
        0.0,
        0.7929999999999999,
        0.66025,
        0.95275,
        0.0,
        0.0,
        0.0,
        0.9595,
        0.0,
        0.7975,
        0.946,
        0.96175,
        0.66475,
        0.8335,
        0.0,
        0.84475,
        0.721,
        0.6895,
        0.65575,
        0.0,
        0.0,
        0.0,
        0.9595,
        0.0,
        0.91675,
        0.0,
        0.0,
        0.0,
        0.7255,
        0.0,
        0.93475,
        0.685,
        0.71425,
        0.9279999999999999,
        0.0,
        0.5545,
        0.955,
        0.874,
        0.0,
        0.0,
        0.9865,
        0.0,
        0.88975,
        0.90325,
        0.9955,
        0.0,
        0.0,
        0.0,
        0.0,
        0.80875,
        0.6579999999999999,
        0.89425,
        0.667,
        0.61975,
        0.6895,
        0.9325,
        0.0,
        0.88525,
        0.5680000000000001,
        0.865,
        0.8965,
        0.8222499999999999,
        0.892,
        0.0,
        0.0,
        0.7615,
        0.739,
        0.757,
        0.0,
        0.9955,
        0.70975,
        0.56575,
        0.0,
        0.8605,
        0.74575,
        0.0,
        0.0,
        0.0,
        0.9865,
        0.8155,
        0.991,
        0.0,
        0.75475,
        0.63775,
        0.0,
        0.0,
        0.0,
        0.703,
        0.0,
        0.88525
      ],
      "lengths": [
        153,
        200,
        69,
        200,
        200,
        92,
        200,
        200,
        44,
        165,
        200,
        92,
        151,
        21,
        200,
        200,
        200,
        18,
        200,
        90,
        24,
        17,
        149,
        74,
        200,
        69,
        124,
        138,
        153,
        200,
        200,
        200,
        18,
        200,
        37,
        200,
        200,
        200,
        122,
        200,
        29,
        140,
        127,
        32,
        200,
        198,
        20,
        56,
        200,
        200,
        6,
        200,
        49,
        43,
        2,
        200,
        200,
        200,
        200,
        85,
        152,
        47,
        148,
        169,
        138,
        30,
        200,
        51,
        192,
        60,
        46,
        79,
        48,
        200,
        200,
        106,
        116,
        108,
        200,
        2,
        129,
        193,
        200,
        62,
        113,
        200,
        200,
        200,
        6,
        82,
        4,
        200,
        109,
        161,
        200,
        200,
        200,
        132,
        200,
        51
      ],
      "final_epsilon": 0.951217530242334,
      "algorithm": "Masters Successor w/ Path Integration",
      "path_integration_errors": [
        0,
        0,
        0,
        0,
        0,
        0,
        0,
        0,
        0,
        0,
        0,
        0,
        0,
        0,
        0,
        0,
        0,
        0,
        0,
        0,
        0,
        0,
        0,
        0,
        0,
        0,
        0,
        0,
        0,
        0,
        0,
        0,
        0,
        0,
        0,
        0,
        0,
        0,
        0,
        0,
        0,
        0,
        0,
        0,
        0,
        0,
        0,
        0,
        0,
        0,
        0,
        0,
        0,
        0,
        0,
        0,
        0,
        0,
        0,
        0,
        0,
        0,
        0,
        0,
        0,
        0,
        0,
        0,
        0,
        0,
        0,
        0,
        0,
        0,
        0,
        0,
        0,
        0,
        0,
        0,
        0,
        0,
        0,
        0,
        0,
        0,
        0,
        0,
        0,
        0,
        0,
        0,
        0,
        0,
        0,
        0,
        0,
        0,
        0,
        0
      ]
    }
  ]
}