{
  "episode": 6000,
  "grid_size": 10,
  "state_size": 100,
  "gamma": 0.99,
  "learning_rate": 0.05,
  "shape": [
    100,
    100
  ],
  "mean": 0.01929361908575646,
  "std": 0.05455607103957832,
  "max": 0.5376774649555575,
  "min": 8.164715983371837e-06
}