{
  "episode": 1000,
  "grid_size": 20,
  "state_size": 400,
  "gamma": 0.99,
  "learning_rate": 0.05,
  "shape": [
    400,
    400
  ],
  "mean": 0.003628545818651788,
  "std": 0.02692254669582721,
  "max": 0.8129251746765664,
  "min": 2.0742278968373384e-42
}