{
  "episode": 5000,
  "grid_size": 20,
  "state_size": 400,
  "gamma": 0.99,
  "learning_rate": 0.05,
  "shape": [
    400,
    400
  ],
  "mean": 0.008553889838515648,
  "std": 0.03843290642824685,
  "max": 0.8210207232090351,
  "min": 2.1366219120323583e-21
}