{
  "episode": 6000,
  "grid_size": 10,
  "state_size": 100,
  "gamma": 0.99,
  "learning_rate": 0.05,
  "shape": [
    100,
    100
  ],
  "mean": 0.01937800780699309,
  "std": 0.05488174908996182,
  "max": 0.5613817170875691,
  "min": 5.682610262833512e-06
}