{
  "episode": 1000,
  "grid_size": 10,
  "state_size": 100,
  "gamma": 0.99,
  "learning_rate": 0.05,
  "shape": [
    100,
    100
  ],
  "mean": 0.022808908237688514,
  "std": 0.06838191451072924,
  "max": 1.131904717511904,
  "min": 6.951091395857702e-10
}