{
  "episode": 7000,
  "grid_size": 20,
  "state_size": 400,
  "gamma": 0.99,
  "learning_rate": 0.05,
  "shape": [
    400,
    400
  ],
  "mean": 0.010068120057243477,
  "std": 0.041001150136131044,
  "max": 0.7430947966740021,
  "min": 3.132952343537107e-18
}