{
  "episode": 3000,
  "grid_size": 20,
  "state_size": 400,
  "gamma": 0.99,
  "learning_rate": 0.05,
  "shape": [
    400,
    400
  ],
  "mean": 0.0068251856145596776,
  "std": 0.035292795696260586,
  "max": 0.8341031228903651,
  "min": 8.62818596248929e-27
}