{
  "episode": 6000,
  "grid_size": 10,
  "state_size": 100,
  "gamma": 0.99,
  "learning_rate": 0.05,
  "shape": [
    100,
    100
  ],
  "mean": 0.02041597437852459,
  "std": 0.05625362956683562,
  "max": 0.5585475230905367,
  "min": 6.931513183128152e-06
}