{
  "episode": 5000,
  "grid_size": 10,
  "state_size": 100,
  "gamma": 0.99,
  "learning_rate": 0.05,
  "shape": [
    100,
    100
  ],
  "mean": 0.020116429993417576,
  "std": 0.05595320828133431,
  "max": 0.5857540601239037,
  "min": 2.4736813703847496e-06
}