{
  "episode": 5000,
  "grid_size": 10,
  "state_size": 100,
  "gamma": 0.99,
  "learning_rate": 0.05,
  "shape": [
    100,
    100
  ],
  "mean": 0.02011167206827091,
  "std": 0.055763243197373524,
  "max": 0.573867171966876,
  "min": 3.84027863769162e-06
}