{
  "episode": 2000,
  "grid_size": 10,
  "state_size": 100,
  "gamma": 0.99,
  "learning_rate": 0.05,
  "shape": [
    100,
    100
  ],
  "mean": 0.023864837867798114,
  "std": 0.06527912164578066,
  "max": 0.8221067066852306,
  "min": 5.4813354010522104e-08
}