{
  "episode": 3000,
  "grid_size": 10,
  "state_size": 100,
  "gamma": 0.99,
  "learning_rate": 0.05,
  "shape": [
    100,
    100
  ],
  "mean": 0.022676852639936323,
  "std": 0.06096902690276435,
  "max": 0.7656459902858751,
  "min": 3.2336191288179286e-07
}