{
  "episode": 1000,
  "grid_size": 10,
  "state_size": 100,
  "gamma": 0.99,
  "learning_rate": 0.05,
  "shape": [
    100,
    100
  ],
  "mean": 0.02263747015893186,
  "std": 0.06771075513708581,
  "max": 0.9781936853718793,
  "min": 1.8651168312042075e-09
}