{
  "episode": 3000,
  "grid_size": 10,
  "state_size": 100,
  "gamma": 0.99,
  "learning_rate": 0.05,
  "shape": [
    100,
    100
  ],
  "mean": 0.022626884923935133,
  "std": 0.060812865777189175,
  "max": 0.6883378034008606,
  "min": 3.2634486007311863e-07
}