{
  "episode": 2000,
  "grid_size": 10,
  "state_size": 100,
  "gamma": 0.99,
  "learning_rate": 0.05,
  "shape": [
    100,
    100
  ],
  "mean": 0.023473364193564005,
  "std": 0.06329626757887939,
  "max": 0.7867194361557216,
  "min": 4.467966212819846e-08
}