{
  "episode": 8000,
  "grid_size": 20,
  "state_size": 400,
  "gamma": 0.99,
  "learning_rate": 0.05,
  "shape": [
    400,
    400
  ],
  "mean": 0.0105419080598319,
  "std": 0.04178964957531459,
  "max": 0.755484817474061,
  "min": 1.0256767967350444e-16
}