{
  "episode": 2000,
  "grid_size": 20,
  "state_size": 400,
  "gamma": 0.99,
  "learning_rate": 0.05,
  "shape": [
    400,
    400
  ],
  "mean": 0.00535824168084902,
  "std": 0.031869137811006136,
  "max": 0.7878111050007403,
  "min": 1.3605380076441173e-31
}