{
  "episode": 9000,
  "grid_size": 20,
  "state_size": 400,
  "gamma": 0.99,
  "learning_rate": 0.05,
  "shape": [
    400,
    400
  ],
  "mean": 0.010967043622751173,
  "std": 0.04238903589859558,
  "max": 0.7918272916458196,
  "min": 2.0779837443542318e-15
}