{
  "episode": 1000,
  "grid_size": 20,
  "state_size": 400,
  "gamma": 0.99,
  "learning_rate": 0.05,
  "shape": [
    400,
    400
  ],
  "mean": 0.003578628019734913,
  "std": 0.02695320691301997,
  "max": 1.0781471764257031,
  "min": 7.005906250564428e-42
}