{
  "episode": 1000,
  "grid_size": 10,
  "state_size": 100,
  "gamma": 0.99,
  "learning_rate": 0.05,
  "shape": [
    100,
    100
  ],
  "mean": 0.02262952623629254,
  "std": 0.06723606980840385,
  "max": 0.9783014159076308,
  "min": 3.020396491264694e-10
}