{
  "episode": 4000,
  "grid_size": 10,
  "state_size": 100,
  "gamma": 0.99,
  "learning_rate": 0.05,
  "shape": [
    100,
    100
  ],
  "mean": 0.021424647403720326,
  "std": 0.058353129244942646,
  "max": 0.6151773801841057,
  "min": 1.7596589493373128e-06
}