{
  "episode": 4000,
  "grid_size": 20,
  "state_size": 400,
  "gamma": 0.99,
  "learning_rate": 0.05,
  "shape": [
    400,
    400
  ],
  "mean": 0.007810465841419651,
  "std": 0.03714438729789011,
  "max": 0.7649319207825559,
  "min": 2.7697083246514035e-24
}