{
  "episode": 8000,
  "grid_size": 20,
  "state_size": 400,
  "gamma": 0.99,
  "learning_rate": 0.05,
  "shape": [
    400,
    400
  ],
  "mean": 0.01066031591321931,
  "std": 0.04200745561145215,
  "max": 0.7665186117614327,
  "min": 1.1164560831099186e-16
}