{
  "episode": 4000,
  "grid_size": 10,
  "state_size": 100,
  "gamma": 0.99,
  "learning_rate": 0.05,
  "shape": [
    100,
    100
  ],
  "mean": 0.02185472808231178,
  "std": 0.05855237840443666,
  "max": 0.6304452077344547,
  "min": 1.66737987203104e-06
}