{
  "episode": 2000,
  "grid_size": 20,
  "state_size": 400,
  "gamma": 0.99,
  "learning_rate": 0.05,
  "shape": [
    400,
    400
  ],
  "mean": 0.005463175475323879,
  "std": 0.03231065879723282,
  "max": 0.9405772106477572,
  "min": 6.925656597401839e-31
}