{
  "episode": 7000,
  "grid_size": 20,
  "state_size": 400,
  "gamma": 0.99,
  "learning_rate": 0.05,
  "shape": [
    400,
    400
  ],
  "mean": 0.009844666734723192,
  "std": 0.04052480542476704,
  "max": 0.7771266549979324,
  "min": 3.3728726689268205e-18
}