{
  "episode": 6000,
  "grid_size": 20,
  "state_size": 400,
  "gamma": 0.99,
  "learning_rate": 0.05,
  "shape": [
    400,
    400
  ],
  "mean": 0.009425641441076165,
  "std": 0.0399313414846396,
  "max": 0.7613036382143012,
  "min": 2.475939032327943e-19
}