{
  "episode": 9000,
  "grid_size": 10,
  "state_size": 100,
  "gamma": 0.99,
  "learning_rate": 0.05,
  "shape": [
    100,
    100
  ],
  "mean": 0.01858222607014007,
  "std": 0.05395521079504326,
  "max": 0.5661291072409501,
  "min": 8.254427867729364e-06
}