{
  "episode": 5000,
  "grid_size": 10,
  "state_size": 100,
  "gamma": 0.99,
  "learning_rate": 0.05,
  "shape": [
    100,
    100
  ],
  "mean": 0.020820887859092228,
  "std": 0.057025361641249585,
  "max": 0.5949092597228843,
  "min": 3.818460836326149e-06
}