{
  "episode": 4000,
  "grid_size": 10,
  "state_size": 100,
  "gamma": 0.99,
  "learning_rate": 0.05,
  "shape": [
    100,
    100
  ],
  "mean": 0.02124025861441138,
  "std": 0.057846872310070775,
  "max": 0.6158224275543587,
  "min": 1.7634845987732822e-06
}