{
  "episode": 3000,
  "grid_size": 20,
  "state_size": 400,
  "gamma": 0.99,
  "learning_rate": 0.05,
  "shape": [
    400,
    400
  ],
  "mean": 0.006716922565194254,
  "std": 0.03501761539066394,
  "max": 0.8562117982341452,
  "min": 4.3110213069377657e-26
}