{
  "episode": 4000,
  "grid_size": 20,
  "state_size": 400,
  "gamma": 0.99,
  "learning_rate": 0.05,
  "shape": [
    400,
    400
  ],
  "mean": 0.007718068694930407,
  "std": 0.03699377577402362,
  "max": 0.8319107462104492,
  "min": 1.0050443789212872e-23
}