{
  "episode": 3000,
  "grid_size": 10,
  "state_size": 100,
  "gamma": 0.99,
  "learning_rate": 0.05,
  "shape": [
    100,
    100
  ],
  "mean": 0.02269546598049039,
  "std": 0.06028149752093571,
  "max": 0.6557048381805793,
  "min": 5.798170791164244e-07
}