{
  "episode": 6000,
  "grid_size": 20,
  "state_size": 400,
  "gamma": 0.99,
  "learning_rate": 0.05,
  "shape": [
    400,
    400
  ],
  "mean": 0.009260971649919498,
  "std": 0.03962891413823646,
  "max": 0.774622841611095,
  "min": 1.8670928657195044e-19
}