{
  "episode": 5000,
  "grid_size": 20,
  "state_size": 400,
  "gamma": 0.99,
  "learning_rate": 0.05,
  "shape": [
    400,
    400
  ],
  "mean": 0.008652460129395115,
  "std": 0.03855300849766435,
  "max": 0.736838838103591,
  "min": 3.3200937835737997e-21
}