{
  "episode": 10000,
  "grid_size": 10,
  "state_size": 100,
  "gamma": 0.99,
  "learning_rate": 0.05,
  "shape": [
    100,
    100
  ],
  "mean": 0.01800364027525216,
  "std": 0.0528245830035618,
  "max": 0.5329537231726014,
  "min": 9.222789983181954e-06
}