{
  "episode": 7000,
  "grid_size": 10,
  "state_size": 100,
  "gamma": 0.99,
  "learning_rate": 0.05,
  "shape": [
    100,
    100
  ],
  "mean": 0.018574702287491477,
  "std": 0.053902969474872726,
  "max": 0.5645868665698002,
  "min": 7.027182378077958e-06
}