{
  "episode": 9000,
  "grid_size": 20,
  "state_size": 400,
  "gamma": 0.99,
  "learning_rate": 0.05,
  "shape": [
    400,
    400
  ],
  "mean": 0.011201357244007205,
  "std": 0.04297223954978158,
  "max": 0.8023112224380564,
  "min": 1.893126282709123e-15
}