{
  "episode": 2000,
  "grid_size": 10,
  "state_size": 100,
  "gamma": 0.99,
  "learning_rate": 0.05,
  "shape": [
    100,
    100
  ],
  "mean": 0.02357740962595986,
  "std": 0.06424227880614199,
  "max": 0.7900112940505069,
  "min": 6.799093519576496e-08
}