{
  "episode": 8000,
  "grid_size": 10,
  "state_size": 100,
  "gamma": 0.99,
  "learning_rate": 0.05,
  "shape": [
    100,
    100
  ],
  "mean": 0.01872998577965132,
  "std": 0.05413346193157325,
  "max": 0.5552266593997296,
  "min": 7.904595987047345e-06
}