{
  "Masters Successor": [
    {
      "rewards": [
        0.748,
        0.0,
        0.0,
        0.0,
        0.0,
        0.0,
        0.75025,
        0.0,
        0.0,
        0.9775,
        0.6265000000000001,
        0.0,
        0.694,
        0.0,
        0.68725,
        0.9955,
        0.8222499999999999,
        0.5545,
        0.6984999999999999,
        0.73675,
        0.8514999999999999,
        0.0,
        0.838,
        0.0,
        0.9685,
        0.9145,
        0.712,
        0.59275,
        0.0,
        0.0,
        0.0,
        0.0,
        0.0,
        0.0,
        0.69175,
        0.0,
        0.0,
        0.0,
        0.0,
        0.85375,
        0.0,
        0.0,
        0.98875,
        0.6399999999999999,
        0.0,
        0.0,
        0.66925,
        0.901,
        0.0,
        0.61975,
        0.0,
        0.0,
        0.71425,
        0.0,
        0.83575,
        0.57925,
        0.991,
        0.0,
        0.0,
        0.0,
        0.964,
        0.5994999999999999,
        0.0,
        0.586,
        0.95275,
        0.0,
        0.9415,
        0.865,
        0.9775,
        0.7255,
        0.70975,
        0.0,
        0.0,
        0.5882499999999999,
        0.9505,
        0.84475,
        0.0,
        0.91,
        0.0,
        0.9595,
        0.0,
        0.829,
        0.0,
        0.0,
        0.982,
        0.0,
        0.7637499999999999,
        0.9955,
        0.0,
        0.865,
        0.0,
        0.0,
        0.90325,
        0.0,
        0.6265000000000001,
        0.946,
        0.8155,
        0.0,
        0.9325,
        0.0
      ],
      "lengths": [
        112,
        200,
        200,
        200,
        200,
        200,
        111,
        200,
        200,
        10,
        166,
        200,
        136,
        200,
        139,
        2,
        79,
        198,
        134,
        117,
        66,
        200,
        72,
        200,
        14,
        38,
        128,
        181,
        200,
        200,
        200,
        200,
        200,
        200,
        137,
        200,
        200,
        200,
        200,
        65,
        200,
        200,
        5,
        160,
        200,
        200,
        147,
        44,
        200,
        169,
        200,
        200,
        127,
        200,
        73,
        187,
        4,
        200,
        200,
        200,
        16,
        178,
        200,
        184,
        21,
        200,
        26,
        60,
        10,
        122,
        129,
        200,
        200,
        183,
        22,
        69,
        200,
        40,
        200,
        18,
        200,
        76,
        200,
        200,
        8,
        200,
        105,
        2,
        200,
        60,
        200,
        200,
        43,
        200,
        166,
        24,
        82,
        200,
        30,
        200
      ],
      "final_epsilon": 0.951217530242334,
      "algorithm": "Masters Successor w/ Path Integration",
      "path_integration_errors": [
        0,
        0,
        0,
        0,
        0,
        0,
        0,
        0,
        0,
        0,
        0,
        0,
        0,
        0,
        0,
        0,
        0,
        0,
        0,
        0,
        0,
        0,
        0,
        0,
        0,
        0,
        0,
        0,
        0,
        0,
        0,
        0,
        0,
        0,
        0,
        0,
        0,
        0,
        0,
        0,
        0,
        0,
        0,
        0,
        0,
        0,
        0,
        0,
        0,
        0,
        0,
        0,
        0,
        0,
        0,
        0,
        0,
        0,
        0,
        0,
        0,
        0,
        0,
        0,
        0,
        0,
        0,
        0,
        0,
        0,
        0,
        0,
        0,
        0,
        0,
        0,
        0,
        0,
        0,
        0,
        0,
        0,
        0,
        0,
        0,
        0,
        0,
        0,
        0,
        0,
        0,
        0,
        0,
        0,
        0,
        0,
        0,
        0,
        0,
        0
      ]
    }
  ],
  "DQN": [
    {
      "rewards": [
        0.0,
        0.9505,
        0.5589999999999999,
        0.90325,
        0.6399999999999999,
        0.0,
        0.97525,
        0.99325,
        0.80425,
        0.0,
        0.865,
        0.60175,
        0.0,
        0.0,
        0.99325,
        0.85375,
        0.0,
        0.0,
        0.86725,
        0.9369999999999999,
        0.0,
        0.0,
        0.0,
        0.9415,
        0.0,
        0.8425,
        0.9955,
        0.0,
        0.0,
        0.0,
        0.6737500000000001,
        0.77725,
        0.865,
        0.0,
        0.87175,
        0.0,
        0.0,
        0.0,
        0.0,
        0.694,
        0.8402499999999999,
        0.7929999999999999,
        0.97975,
        0.61075,
        0.0,
        0.9865,
        0.5680000000000001,
        0.84475,
        0.0,
        0.964,
        0.6895,
        0.0,
        0.0,
        0.5972500000000001,
        0.57925,
        0.99775,
        0.0,
        0.57925,
        0.739,
        0.0,
        0.7795,
        0.6984999999999999,
        0.9325,
        0.0,
        0.5814999999999999,
        0.88525,
        0.0,
        0.892,
        0.0,
        0.91675,
        0.94825,
        0.0,
        0.0,
        0.829,
        0.97975,
        0.0,
        0.0,
        0.0,
        0.94825,
        0.586,
        0.7795,
        0.0,
        0.0,
        0.9235,
        0.0,
        0.0,
        0.0,
        0.97975,
        0.0,
        0.0,
        0.982,
        0.97075,
        0.0,
        0.0,
        0.0,
        0.0,
        0.0,
        0.93025,
        0.703,
        0.0
      ],
      "lengths": [
        200,
        22,
        196,
        43,
        160,
        200,
        11,
        3,
        87,
        200,
        60,
        177,
        200,
        200,
        3,
        65,
        200,
        200,
        59,
        28,
        200,
        200,
        200,
        26,
        200,
        70,
        2,
        200,
        200,
        200,
        145,
        99,
        60,
        200,
        57,
        200,
        200,
        200,
        200,
        136,
        71,
        92,
        9,
        173,
        200,
        6,
        192,
        69,
        200,
        16,
        138,
        200,
        200,
        179,
        187,
        1,
        200,
        187,
        116,
        200,
        98,
        134,
        30,
        200,
        186,
        51,
        200,
        48,
        200,
        37,
        23,
        200,
        200,
        76,
        9,
        200,
        200,
        200,
        23,
        184,
        98,
        200,
        200,
        34,
        200,
        200,
        200,
        9,
        200,
        200,
        8,
        13,
        200,
        200,
        200,
        200,
        200,
        31,
        132,
        200
      ],
      "final_epsilon": 0.951217530242334,
      "algorithm": "DQN with Path Integration & Vision",