{
  "Masters Successor": [
    {
      "rewards": [
        0.0,
        0.94825,
        0.0,
        0.9955,
        0.97975
      ],
      "lengths": [
        200,
        23,
        200,
        2,
        9
      ],
      "final_epsilon": 0.9975024987503127,
      "algorithm": "Masters Successor"
    }
  ]
}